season_id,event_id,match_url
78478,14195558,https://www.sofascore.com/football/match/albirex-niigata-singapore-balestier-khalsa/OkbsGGn#id:14195558
78478,14270526,https://www.sofascore.com/football/match/albirex-niigata-singapore-balestier-khalsa/OkbsGGn#id:14270526
78478,14195493,https://www.sofascore.com/football/match/albirex-niigata-singapore-geylang-international/UkbsGGn#id:14195493
78478,14255506,https://www.sofascore.com/football/match/albirex-niigata-singapore-geylang-international/UkbsGGn#id:14255506
78478,14195505,https://www.sofascore.com/football/match/albirex-niigata-singapore-lion-city-sailors/QkbsGGn#id:14195505
78478,14195566,https://www.sofascore.com/football/match/albirex-niigata-singapore-lion-city-sailors/QkbsGGn#id:14195566
78478,14195489,https://www.sofascore.com/football/match/albirex-niigata-singapore-tampines-rovers/TkbsGGn#id:14195489
78478,14195512,https://www.sofascore.com/football/match/albirex-niigata-singapore-tampines-rovers/TkbsGGn#id:14195512
78478,14195542,https://www.sofascore.com/football/match/albirex-niigata-singapore-tampines-rovers/TkbsGGn#id:14195542
78478,14255562,https://www.sofascore.com/football/match/albirex-niigata-singapore-tampines-rovers/TkbsGGn#id:14255562
78478,14195522,https://www.sofascore.com/football/match/albirex-niigata-singapore-tanjong-pagar-united/NkbsGGn#id:14195522
78478,14324105,https://www.sofascore.com/football/match/albirex-niigata-singapore-tanjong-pagar-united/NkbsGGn#id:14324105
78478,14195563,https://www.sofascore.com/football/match/balestier-khalsa-tanjong-pagar-united/NkbsOkb#id:14195563
78478,15035359,https://www.sofascore.com/football/match/bournemouth-manchester-united/Kkb#id:15035359
78478,15200524,https://www.sofascore.com/football/match/cf-talavera-real-madrid/EgbstQFb#id:15200524
78478,14025220,https://www.sofascore.com/football/match/everton-arsenal/RY#id:14025220
78478,14195506,https://www.sofascore.com/football/match/geylang-international-balestier-khalsa/OkbsUkb#id:14195506
78478,14195560,https://www.sofascore.com/football/match/geylang-international-balestier-khalsa/OkbsUkb#id:14195560
78478,14195540,https://www.sofascore.com/football/match/geylang-international-lion-city-sailors/QkbsUkb#id:14195540
78478,14292273,https://www.sofascore.com/football/match/geylang-international-lion-city-sailors/QkbsUkb#id:14292273
78478,14325719,https://www.sofascore.com/football/match/geylang-international-lion-city-sailors/QkbsUkb#id:14325719
78478,14195514,https://www.sofascore.com/football/match/geylang-international-tampines-rovers/TkbsUkb#id:14195514
78478,14195555,https://www.sofascore.com/football/match/geylang-international-tampines-rovers/TkbsUkb#id:14195555
78478,14292271,https://www.sofascore.com/football/match/geylang-international-tampines-rovers/TkbsUkb#id:14292271
78478,14195498,https://www.sofascore.com/football/match/geylang-international-tanjong-pagar-united/NkbsUkb#id:14195498
78478,14255505,https://www.sofascore.com/football/match/geylang-international-tanjong-pagar-united/NkbsUkb#id:14255505
78478,14324107,https://www.sofascore.com/football/match/geylang-international-tanjong-pagar-united/NkbsUkb#id:14324107
78478,15200513,https://www.sofascore.com/football/match/guadalajara-barcelona/rgbsFLj#id:15200513
78478,14195547,https://www.sofascore.com/football/match/hougang-united-albirex-niigata-singapore/GGnsIGn#id:14195547
78478,14195551,https://www.sofascore.com/football/match/hougang-united-albirex-niigata-singapore/GGnsIGn#id:14195551
78478,14323453,https://www.sofascore.com/football/match/hougang-united-albirex-niigata-singapore/GGnsIGn#id:14323453
78478,14195525,https://www.sofascore.com/football/match/hougang-united-balestier-khalsa/OkbsIGn#id:14195525
78478,14320676,https://www.sofascore.com/football/match/hougang-united-balestier-khalsa/OkbsIGn#id:14320676
78478,14195510,https://www.sofascore.com/football/match/hougang-united-geylang-international/UkbsIGn#id:14195510
78478,14195546,https://www.sofascore.com/football/match/hougang-united-geylang-international/UkbsIGn#id:14195546
78478,14255578,https://www.sofascore.com/football/match/hougang-united-geylang-international/UkbsIGn#id:14255578
78478,14195486,https://www.sofascore.com/football/match/hougang-united-lion-city-sailors/QkbsIGn#id:14195486
78478,14195556,https://www.sofascore.com/football/match/hougang-united-lion-city-sailors/QkbsIGn#id:14195556
78478,14255430,https://www.sofascore.com/football/match/hougang-united-lion-city-sailors/QkbsIGn#id:14255430
78478,14323988,https://www.sofascore.com/football/match/hougang-united-lion-city-sailors/QkbsIGn#id:14323988
78478,14195565,https://www.sofascore.com/football/match/hougang-united-tampines-rovers/TkbsIGn#id:14195565
78478,14195509,https://www.sofascore.com/football/match/hougang-united-tanjong-pagar-united/NkbsIGn#id:14195509
78478,14195562,https://www.sofascore.com/football/match/hougang-united-tanjong-pagar-united/NkbsIGn#id:14195562
78478,14195494,https://www.sofascore.com/football/match/lion-city-sailors-balestier-khalsa/OkbsQkb#id:14195494
78478,14255563,https://www.sofascore.com/football/match/lion-city-sailors-balestier-khalsa/OkbsQkb#id:14255563
78478,14195488,https://www.sofascore.com/football/match/lion-city-sailors-tanjong-pagar-united/NkbsQkb#id:14195488
78478,14195513,https://www.sofascore.com/football/match/lion-city-sailors-tanjong-pagar-united/NkbsQkb#id:14195513
78478,14195545,https://www.sofascore.com/football/match/lion-city-sailors-tanjong-pagar-united/NkbsQkb#id:14195545
78478,14255570,https://www.sofascore.com/football/match/lion-city-sailors-tanjong-pagar-united/NkbsQkb#id:14255570
78478,14320675,https://www.sofascore.com/football/match/lion-city-sailors-tanjong-pagar-united/NkbsQkb#id:14320675
78478,14025230,https://www.sofascore.com/football/match/liverpool-tottenham-hotspur/IsU#id:14025230
78478,14025228,https://www.sofascore.com/football/match/newcastle-united-chelsea/NO#id:14025228
78478,14083185,https://www.sofascore.com/football/match/sevilla-real-madrid/EgbsIgb#id:14083185
78478,14195519,https://www.sofascore.com/football/match/tampines-rovers-balestier-khalsa/OkbsTkb#id:14195519
78478,14195552,https://www.sofascore.com/football/match/tampines-rovers-balestier-khalsa/OkbsTkb#id:14195552
78478,14255528,https://www.sofascore.com/football/match/tampines-rovers-balestier-khalsa/OkbsTkb#id:14255528
78478,14324106,https://www.sofascore.com/football/match/tampines-rovers-balestier-khalsa/OkbsTkb#id:14324106
78478,14195508,https://www.sofascore.com/football/match/tampines-rovers-lion-city-sailors/QkbsTkb#id:14195508
78478,14195559,https://www.sofascore.com/football/match/tampines-rovers-lion-city-sailors/QkbsTkb#id:14195559
78478,14195495,https://www.sofascore.com/football/match/tampines-rovers-tanjong-pagar-united/NkbsTkb#id:14195495
78478,14255489,https://www.sofascore.com/football/match/tampines-rovers-tanjong-pagar-united/NkbsTkb#id:14255489
78478,14025226,https://www.sofascore.com/football/match/west-ham-united-manchester-city/rM#id:14025226
78478,14195507,https://www.sofascore.com/football/match/young-lions-albirex-niigata-singapore/GGnsHGn#id:14195507
78478,14195561,https://www.sofascore.com/football/match/young-lions-albirex-niigata-singapore/GGnsHGn#id:14195561
78478,15037752,https://www.sofascore.com/football/match/young-lions-albirex-niigata-singapore/GGnsHGn#id:15037752
78478,14195543,https://www.sofascore.com/football/match/young-lions-balestier-khalsa/OkbsHGn#id:14195543
78478,14195503,https://www.sofascore.com/football/match/young-lions-geylang-international/UkbsHGn#id:14195503
78478,14195564,https://www.sofascore.com/football/match/young-lions-geylang-international/UkbsHGn#id:14195564
78478,14195549,https://www.sofascore.com/football/match/young-lions-lion-city-sailors/QkbsHGn#id:14195549
78478,14195553,https://www.sofascore.com/football/match/young-lions-lion-city-sailors/QkbsHGn#id:14195553
78478,14320674,https://www.sofascore.com/football/match/young-lions-lion-city-sailors/QkbsHGn#id:14320674
78478,14195523,https://www.sofascore.com/football/match/young-lions-tampines-rovers/TkbsHGn#id:14195523
78478,14320673,https://www.sofascore.com/football/match/young-lions-tampines-rovers/TkbsHGn#id:14320673
78478,14195557,https://www.sofascore.com/football/match/young-lions-tanjong-pagar-united/NkbsHGn#id:14195557
78478,14255446,https://www.sofascore.com/football/match/young-lions-tanjong-pagar-united/NkbsHGn#id:14255446
78478,14292272,https://www.sofascore.com/football/match/young-lions-tanjong-pagar-united/NkbsHGn#id:14292272
